Project,Experiment,SPNID,Name,First Author,Year,Journal,Title,Authors,ReferencesAndLinks
1,EX1 Reflection,1,Jacobsen,Makin  ,2012,Neuropsychologia,Symmetry perception and affective responses: a combined EEG/EMG study,"Makin, A. D. J., Wilton, M. M., Pecchinenda, A. and Bertamini, M.",10.1016/j.neuropsychologia.2012.10.003
1,EX2 Yes No,2,Jacobsen,Makin  ,2012,Neuropsychologia,Symmetry perception and affective responses: a combined EEG/EMG study,"Makin, A. D. J., Wilton, M. M., Pecchinenda, A. and Bertamini, M.",10.1016/j.neuropsychologia.2012.10.003
1,EX3 Rotation,3,Jacobsen,Makin  ,2012,Neuropsychologia,Symmetry perception and affective responses: a combined EEG/EMG study,"Makin, A. D. J., Wilton, M. M., Pecchinenda, A. and Bertamini, M.",10.1016/j.neuropsychologia.2012.10.003
2,EX1 Oddball,4,Dots,Makin  ,2013,Psychophysiology,Electrophysiological responses to visuospatial regularity,"Makin, A. D. J., Rampone, G., Pecchinenda, A. and Bertamini, M.",10.1111/psyp.12082
2,EX1 Oddball,5,Dots,Makin  ,2013,Psychophysiology,Electrophysiological responses to visuospatial regularity,"Makin, A. D. J., Rampone, G., Pecchinenda, A. and Bertamini, M.",10.1111/psyp.12082
2,EX1 Oddball,6,Dots,Makin  ,2013,Psychophysiology,Electrophysiological responses to visuospatial regularity,"Makin, A. D. J., Rampone, G., Pecchinenda, A. and Bertamini, M.",10.1111/psyp.12082
2,EX2 Regularity,7,Dots,Makin  ,2013,Psychophysiology,Electrophysiological responses to visuospatial regularity,"Makin, A. D. J., Rampone, G., Pecchinenda, A. and Bertamini, M.",10.1111/psyp.12082
2,EX2 Regularity,8,Dots,Makin  ,2013,Psychophysiology,Electrophysiological responses to visuospatial regularity,"Makin, A. D. J., Rampone, G., Pecchinenda, A. and Bertamini, M.",10.1111/psyp.12082
2,EX2 Regularity,9,Dots,Makin  ,2013,Psychophysiology,Electrophysiological responses to visuospatial regularity,"Makin, A. D. J., Rampone, G., Pecchinenda, A. and Bertamini, M.",10.1111/psyp.12082
3,EX1 Disc Reg,10,Objects and gaps,Makin  ,2014,JoV,Visual symmetry in objects and gaps,"Makin, A. D. J., Rampone, G., Wright, A., Martinovic, J. and Bertamini, M.",10.1167/14.3.12
3,EX1 Disc Reg,11,Objects and gaps,Makin  ,2014,JoV,Visual symmetry in objects and gaps,"Makin, A. D. J., Rampone, G., Wright, A., Martinovic, J. and Bertamini, M.",10.1167/14.3.12
3,EX2 Disc Num,12,Objects and gaps,Makin  ,2014,JoV,Visual symmetry in objects and gaps,"Makin, A. D. J., Rampone, G., Wright, A., Martinovic, J. and Bertamini, M.",10.1167/14.3.12
3,EX2 Disc Num,13,Objects and gaps,Makin  ,2014,JoV,Visual symmetry in objects and gaps,"Makin, A. D. J., Rampone, G., Wright, A., Martinovic, J. and Bertamini, M.",10.1167/14.3.12
4,EX1 Reg or Valence (first 24),14,Congruence,Rampone ,2014,Neuropsychologia,Electrophysiological analysis of the affective congruence between pattern regularity and word valence,"Rampone, G., Makin, A. D. J. and Bertamini, M.",10.1016/j.neuropsychologia.2014.04.005
4,EX1 Reg or Valence (first 24),15,Congruence,Rampone ,2014,Neuropsychologia,Electrophysiological analysis of the affective congruence between pattern regularity and word valence,"Rampone, G., Makin, A. D. J. and Bertamini, M.",10.1016/j.neuropsychologia.2014.04.005
4,EX1 Reg or Valence (first 24),16,Congruence,Rampone ,2014,Neuropsychologia,Electrophysiological analysis of the affective congruence between pattern regularity and word valence,"Rampone, G., Makin, A. D. J. and Bertamini, M.",10.1016/j.neuropsychologia.2014.04.005
4,EX1 Reg or Valence (first 24),17,Congruence,Rampone ,2014,Neuropsychologia,Electrophysiological analysis of the affective congruence between pattern regularity and word valence,"Rampone, G., Makin, A. D. J. and Bertamini, M.",10.1016/j.neuropsychologia.2014.04.005
4,EX2 both (surviving 17),18,Congruence,Rampone ,2014,Neuropsychologia,Electrophysiological analysis of the affective congruence between pattern regularity and word valence,"Rampone, G., Makin, A. D. J. and Bertamini, M.",10.1016/j.neuropsychologia.2014.04.005
5,N/A,19,Psymm Palumbo,Palumbo  ,2015,Vis Res,Scaling of the extrastriate neural response to symmetry,"Palumbo, L., Bertamini, M. and Makin, A.",10.1016/j.visres.2015.10.002
5,N/A,20,Psymm Palumbo,Palumbo  ,2015,Vis Res,Scaling of the extrastriate neural response to symmetry,"Palumbo, L., Bertamini, M. and Makin, A.",10.1016/j.visres.2015.10.002
5,N/A,21,Psymm Palumbo,Palumbo  ,2015,Vis Res,Scaling of the extrastriate neural response to symmetry,"Palumbo, L., Bertamini, M. and Makin, A.",10.1016/j.visres.2015.10.002
5,N/A,22,Psymm Palumbo,Palumbo  ,2015,Vis Res,Scaling of the extrastriate neural response to symmetry,"Palumbo, L., Bertamini, M. and Makin, A.",10.1016/j.visres.2015.10.002
5,N/A,23,Psymm Palumbo,Palumbo  ,2015,Vis Res,Scaling of the extrastriate neural response to symmetry,"Palumbo, L., Bertamini, M. and Makin, A.",10.1016/j.visres.2015.10.002
6,N/A,24,Horizontal Vertical,Wright  ,2015,Psychophysiology,Right-lateralized alpha desynchronization during regularity discrimination: hemispheric specialization or directed spatial attention?,"Wright, D., Makin, A. D. and Bertamini, M.",10.1111/psyp.12399
6,N/A,25,Horizontal Vertical,Wright  ,2015,Psychophysiology,Right-lateralized alpha desynchronization during regularity discrimination: hemispheric specialization or directed spatial attention?,"Wright, D., Makin, A. D. and Bertamini, M.",10.1111/psyp.12399
7,EX1 Disc Reg,26,Slant,Makin  ,2015,Psychophysiology,Conditions for view invariance in the neural response to visual symmetry,"Makin, A. D. J., Rampone, G. and Bertamini, M.",10.1111/psyp.12365
7,EX1 Disc Reg,27,Slant,Makin  ,2015,Psychophysiology,Conditions for view invariance in the neural response to visual symmetry,"Makin, A. D. J., Rampone, G. and Bertamini, M.",10.1111/psyp.12365
7,EX2 Disc Col,28,Slant,Makin  ,2015,Psychophysiology,Conditions for view invariance in the neural response to visual symmetry,"Makin, A. D. J., Rampone, G. and Bertamini, M.",10.1111/psyp.12365
7,EX2 Disc Col,29,Slant,Makin  ,2015,Psychophysiology,Conditions for view invariance in the neural response to visual symmetry,"Makin, A. D. J., Rampone, G. and Bertamini, M.",10.1111/psyp.12365
7,EX3 Disc Col 1F,30,Slant,Makin  ,2015,Psychophysiology,Conditions for view invariance in the neural response to visual symmetry,"Makin, A. D. J., Rampone, G. and Bertamini, M.",10.1111/psyp.12365
7,EX3 Disc Col 1F,31,Slant,Makin  ,2015,Psychophysiology,Conditions for view invariance in the neural response to visual symmetry,"Makin, A. D. J., Rampone, G. and Bertamini, M.",10.1111/psyp.12365
8,EX1 W Ref and Rep,32,Holographic,Makin  ,2016,Cerebral Cortex,An Electrophysiological Index of Perceptual Goodness,"Makin, A. D. J., Wright, D., Rampone, G., Palumbo, L., Guest, M., Sheehan, R., Cleaver, H. and Bertamini, M.",10.1093/cercor/bhw255
8,EX1 W Ref and Rep,33,Holographic,Makin  ,2016,Cerebral Cortex,An Electrophysiological Index of Perceptual Goodness,"Makin, A. D. J., Wright, D., Rampone, G., Palumbo, L., Guest, M., Sheehan, R., Cleaver, H. and Bertamini, M.",10.1093/cercor/bhw255
8,EX1 W Ref and Rep,34,Holographic,Makin  ,2016,Cerebral Cortex,An Electrophysiological Index of Perceptual Goodness,"Makin, A. D. J., Wright, D., Rampone, G., Palumbo, L., Guest, M., Sheehan, R., Cleaver, H. and Bertamini, M.",10.1093/cercor/bhw255
8,EX1 W Ref and Rep,35,Holographic,Makin  ,2016,Cerebral Cortex,An Electrophysiological Index of Perceptual Goodness,"Makin, A. D. J., Wright, D., Rampone, G., Palumbo, L., Guest, M., Sheehan, R., Cleaver, H. and Bertamini, M.",10.1093/cercor/bhw255
8,EX1 W Ref and Rep,36,Holographic,Makin  ,2016,Cerebral Cortex,An Electrophysiological Index of Perceptual Goodness,"Makin, A. D. J., Wright, D., Rampone, G., Palumbo, L., Guest, M., Sheehan, R., Cleaver, H. and Bertamini, M.",10.1093/cercor/bhw255
8,EX1 W Ref and Rep,37,Holographic,Makin  ,2016,Cerebral Cortex,An Electrophysiological Index of Perceptual Goodness,"Makin, A. D. J., Wright, D., Rampone, G., Palumbo, L., Guest, M., Sheehan, R., Cleaver, H. and Bertamini, M.",10.1093/cercor/bhw255
8,EX2 W Ref Rep and Spinning Glass,38,Holographic,Makin  ,2016,Cerebral Cortex,An Electrophysiological Index of Perceptual Goodness,"Makin, A. D. J., Wright, D., Rampone, G., Palumbo, L., Guest, M., Sheehan, R., Cleaver, H. and Bertamini, M.",10.1093/cercor/bhw255
8,EX2 W Ref Rep and Spinning Glass,39,Holographic,Makin  ,2016,Cerebral Cortex,An Electrophysiological Index of Perceptual Goodness,"Makin, A. D. J., Wright, D., Rampone, G., Palumbo, L., Guest, M., Sheehan, R., Cleaver, H. and Bertamini, M.",10.1093/cercor/bhw255
8,EX2 W Ref Rep and Spinning Glass,40,Holographic,Makin  ,2016,Cerebral Cortex,An Electrophysiological Index of Perceptual Goodness,"Makin, A. D. J., Wright, D., Rampone, G., Palumbo, L., Guest, M., Sheehan, R., Cleaver, H. and Bertamini, M.",10.1093/cercor/bhw255
8,EX3 Naxes,41,Holographic,Makin  ,2016,Cerebral Cortex,An Electrophysiological Index of Perceptual Goodness,"Makin, A. D. J., Wright, D., Rampone, G., Palumbo, L., Guest, M., Sheehan, R., Cleaver, H. and Bertamini, M.",10.1093/cercor/bhw255
8,EX3 Naxes,42,Holographic,Makin  ,2016,Cerebral Cortex,An Electrophysiological Index of Perceptual Goodness,"Makin, A. D. J., Wright, D., Rampone, G., Palumbo, L., Guest, M., Sheehan, R., Cleaver, H. and Bertamini, M.",10.1093/cercor/bhw255
8,EX3 Naxes,43,Holographic,Makin  ,2016,Cerebral Cortex,An Electrophysiological Index of Perceptual Goodness,"Makin, A. D. J., Wright, D., Rampone, G., Palumbo, L., Guest, M., Sheehan, R., Cleaver, H. and Bertamini, M.",10.1093/cercor/bhw255
8,EX3 Naxes,44,Holographic,Makin  ,2016,Cerebral Cortex,An Electrophysiological Index of Perceptual Goodness,"Makin, A. D. J., Wright, D., Rampone, G., Palumbo, L., Guest, M., Sheehan, R., Cleaver, H. and Bertamini, M.",10.1093/cercor/bhw255
8,EX3 Naxes,45,Holographic,Makin  ,2016,Cerebral Cortex,An Electrophysiological Index of Perceptual Goodness,"Makin, A. D. J., Wright, D., Rampone, G., Palumbo, L., Guest, M., Sheehan, R., Cleaver, H. and Bertamini, M.",10.1093/cercor/bhw255
8,EX4 AS1F,46,Holographic,Makin  ,2016,Cerebral Cortex,An Electrophysiological Index of Perceptual Goodness,"Makin, A. D. J., Wright, D., Rampone, G., Palumbo, L., Guest, M., Sheehan, R., Cleaver, H. and Bertamini, M.",10.1093/cercor/bhw255
8,EX4 AS1F,47,Holographic,Makin  ,2016,Cerebral Cortex,An Electrophysiological Index of Perceptual Goodness,"Makin, A. D. J., Wright, D., Rampone, G., Palumbo, L., Guest, M., Sheehan, R., Cleaver, H. and Bertamini, M.",10.1093/cercor/bhw255
8,EX5 AS4F,48,Holographic,Makin  ,2016,Cerebral Cortex,An Electrophysiological Index of Perceptual Goodness,"Makin, A. D. J., Wright, D., Rampone, G., Palumbo, L., Guest, M., Sheehan, R., Cleaver, H. and Bertamini, M.",10.1093/cercor/bhw255
8,EX5 AS4F,49,Holographic,Makin  ,2016,Cerebral Cortex,An Electrophysiological Index of Perceptual Goodness,"Makin, A. D. J., Wright, D., Rampone, G., Palumbo, L., Guest, M., Sheehan, R., Cleaver, H. and Bertamini, M.",10.1093/cercor/bhw255
9,EX1 Original,50,Doublesided,Wright  ,2017,Cortex,Electrophysiological responses to symmetry presented in the left or in the right visual hemifield,"Wright, D., Makin, A. D. and Bertamini, M.",10.1016/j.cortex.2016.11.001
9,EX1 Original,51,Doublesided,Wright  ,2017,Cortex,Electrophysiological responses to symmetry presented in the left or in the right visual hemifield,"Wright, D., Makin, A. D. and Bertamini, M.",10.1016/j.cortex.2016.11.001
9,EX2 One Sided,52,Doublesided,Wright  ,2017,Cortex,Electrophysiological responses to symmetry presented in the left or in the right visual hemifield,"Wright, D., Makin, A. D. and Bertamini, M.",10.1016/j.cortex.2016.11.001
9,EX2 One Sided,53,Doublesided,Wright  ,2017,Cortex,Electrophysiological responses to symmetry presented in the left or in the right visual hemifield,"Wright, D., Makin, A. D. and Bertamini, M.",10.1016/j.cortex.2016.11.001
9,EX3 Matched,54,Doublesided,Wright  ,2017,Cortex,Electrophysiological responses to symmetry presented in the left or in the right visual hemifield,"Wright, D., Makin, A. D. and Bertamini, M.",10.1016/j.cortex.2016.11.001
9,EX3 Matched,55,Doublesided,Wright  ,2017,Cortex,Electrophysiological responses to symmetry presented in the left or in the right visual hemifield,"Wright, D., Makin, A. D. and Bertamini, M.",10.1016/j.cortex.2016.11.001
10,EX1 Vertical,56,Sliding occluder,Rampone  ,2019,Neuroimage,Representation of symmetry in the extrastriate visual cortex from temporal integration of parts: An EEG/ERP study,"Rampone, G., Makin, A. D. J., Tatlidil, S. and Bertamini, M.",10.1016/j.neuroimage.2019.03.007
10,EX2 Horizontal,57,Sliding occluder,Rampone  ,2019,Neuroimage,Representation of symmetry in the extrastriate visual cortex from temporal integration of parts: An EEG/ERP study,"Rampone, G., Makin, A. D. J., Tatlidil, S. and Bertamini, M.",10.1016/j.neuroimage.2019.03.007
10,EX3 No occluder,58,Sliding occluder,Rampone  ,2019,Neuroimage,Representation of symmetry in the extrastriate visual cortex from temporal integration of parts: An EEG/ERP study,"Rampone, G., Makin, A. D. J., Tatlidil, S. and Bertamini, M.",10.1016/j.neuroimage.2019.03.007
10,EX4 Two halves,59,Sliding occluder,Rampone  ,2019,Neuroimage,Representation of symmetry in the extrastriate visual cortex from temporal integration of parts: An EEG/ERP study,"Rampone, G., Makin, A. D. J., Tatlidil, S. and Bertamini, M.",10.1016/j.neuroimage.2019.03.007
10,EX5 Oddball,60,Sliding occluder,Rampone  ,2019,Neuroimage,Representation of symmetry in the extrastriate visual cortex from temporal integration of parts: An EEG/ERP study,"Rampone, G., Makin, A. D. J., Tatlidil, S. and Bertamini, M.",10.1016/j.neuroimage.2019.03.007
11,EX1 Shape matching task,61,SPN persistent,Bertamini  ,2019,Scientific Reports,Sustained response to symmetry in extrastriate areas after stimulus offset: An EEG study,"Bertamini, M., Rampone, G., Oulton, J., Tatlidil, S. and Makin, A. D. J.",10.1038/s41598-019-40580-z
11,EX2 Color matching task,62,SPN persistent,Bertamini  ,2019,Scientific Reports,Sustained response to symmetry in extrastriate areas after stimulus offset: An EEG study,"Bertamini, M., Rampone, G., Oulton, J., Tatlidil, S. and Makin, A. D. J.",10.1038/s41598-019-40580-z
11,Sup EX1,63,SPN persistent,Bertamini  ,2019,Scientific Reports,Sustained response to symmetry in extrastriate areas after stimulus offset: An EEG study,"Bertamini, M., Rampone, G., Oulton, J., Tatlidil, S. and Makin, A. D. J.",10.1038/s41598-019-40580-z
11,Sup EX1,64,SPN persistent,Bertamini  ,2019,Scientific Reports,Sustained response to symmetry in extrastriate areas after stimulus offset: An EEG study,"Bertamini, M., Rampone, G., Oulton, J., Tatlidil, S. and Makin, A. D. J.",10.1038/s41598-019-40580-z
11,Sup EX1,65,SPN persistent,Bertamini  ,2019,Scientific Reports,Sustained response to symmetry in extrastriate areas after stimulus offset: An EEG study,"Bertamini, M., Rampone, G., Oulton, J., Tatlidil, S. and Makin, A. D. J.",10.1038/s41598-019-40580-z
11,Sup EX2,66,SPN persistent,Bertamini  ,2019,Scientific Reports,Sustained response to symmetry in extrastriate areas after stimulus offset: An EEG study,"Bertamini, M., Rampone, G., Oulton, J., Tatlidil, S. and Makin, A. D. J.",10.1038/s41598-019-40580-z
12,N/A,67,AntiSymm attention,Makin  ,2019,EJN,Symmetric patterns with different luminance polarity (anti-symmetry) generate an automatic response in extrastriate cortex,"Makin, A. D. J., Rampone, G. and Bertamini, M.",10.1111/ejn.14579
12,N/A,68,AntiSymm attention,Makin  ,2019,EJN,Symmetric patterns with different luminance polarity (anti-symmetry) generate an automatic response in extrastriate cortex,"Makin, A. D. J., Rampone, G. and Bertamini, M.",10.1111/ejn.14579
12,N/A,69,AntiSymm attention,Makin  ,2019,EJN,Symmetric patterns with different luminance polarity (anti-symmetry) generate an automatic response in extrastriate cortex,"Makin, A. D. J., Rampone, G. and Bertamini, M.",10.1111/ejn.14579
12,N/A,70,AntiSymm attention,Makin  ,2019,EJN,Symmetric patterns with different luminance polarity (anti-symmetry) generate an automatic response in extrastriate cortex,"Makin, A. D. J., Rampone, G. and Bertamini, M.",10.1111/ejn.14579
13,EX1 Reg Task,71,Psymm and task,Makin  ,2020,JOCN,"The Formation of Symmetrical Gestalts Is Task-Independent, but Can Be Enhanced by Active Regularity Discrimination","Makin, A. D. J., Rampone, G., Morris, A. and Bertamini, M.",10.1162/jocn_a_01485
13,EX1 Reg Task,72,Psymm and task,Makin  ,2020,JOCN,"The Formation of Symmetrical Gestalts Is Task-Independent, but Can Be Enhanced by Active Regularity Discrimination","Makin, A. D. J., Rampone, G., Morris, A. and Bertamini, M.",10.1162/jocn_a_01485
13,EX1 Reg Task,73,Psymm and task,Makin  ,2020,JOCN,"The Formation of Symmetrical Gestalts Is Task-Independent, but Can Be Enhanced by Active Regularity Discrimination","Makin, A. D. J., Rampone, G., Morris, A. and Bertamini, M.",10.1162/jocn_a_01485
13,EX1 Reg Task,74,Psymm and task,Makin  ,2020,JOCN,"The Formation of Symmetrical Gestalts Is Task-Independent, but Can Be Enhanced by Active Regularity Discrimination","Makin, A. D. J., Rampone, G., Morris, A. and Bertamini, M.",10.1162/jocn_a_01485
13,EX1 Reg Task,75,Psymm and task,Makin  ,2020,JOCN,"The Formation of Symmetrical Gestalts Is Task-Independent, but Can Be Enhanced by Active Regularity Discrimination","Makin, A. D. J., Rampone, G., Morris, A. and Bertamini, M.",10.1162/jocn_a_01485
13,EX2 Col Task,76,Psymm and task,Makin  ,2020,JOCN,"The Formation of Symmetrical Gestalts Is Task-Independent, but Can Be Enhanced by Active Regularity Discrimination","Makin, A. D. J., Rampone, G., Morris, A. and Bertamini, M.",10.1162/jocn_a_01485
13,EX2 Col Task,77,Psymm and task,Makin  ,2020,JOCN,"The Formation of Symmetrical Gestalts Is Task-Independent, but Can Be Enhanced by Active Regularity Discrimination","Makin, A. D. J., Rampone, G., Morris, A. and Bertamini, M.",10.1162/jocn_a_01485
13,EX2 Col Task,78,Psymm and task,Makin  ,2020,JOCN,"The Formation of Symmetrical Gestalts Is Task-Independent, but Can Be Enhanced by Active Regularity Discrimination","Makin, A. D. J., Rampone, G., Morris, A. and Bertamini, M.",10.1162/jocn_a_01485
13,EX2 Col Task,79,Psymm and task,Makin  ,2020,JOCN,"The Formation of Symmetrical Gestalts Is Task-Independent, but Can Be Enhanced by Active Regularity Discrimination","Makin, A. D. J., Rampone, G., Morris, A. and Bertamini, M.",10.1162/jocn_a_01485
13,EX2 Col Task,80,Psymm and task,Makin  ,2020,JOCN,"The Formation of Symmetrical Gestalts Is Task-Independent, but Can Be Enhanced by Active Regularity Discrimination","Makin, A. D. J., Rampone, G., Morris, A. and Bertamini, M.",10.1162/jocn_a_01485
13,EX3 Sound Col Cong,81,Psymm and task,Makin  ,2020,JOCN,"The Formation of Symmetrical Gestalts Is Task-Independent, but Can Be Enhanced by Active Regularity Discrimination","Makin, A. D. J., Rampone, G., Morris, A. and Bertamini, M.",10.1162/jocn_a_01485
13,EX3 Sound Col Cong,82,Psymm and task,Makin  ,2020,JOCN,"The Formation of Symmetrical Gestalts Is Task-Independent, but Can Be Enhanced by Active Regularity Discrimination","Makin, A. D. J., Rampone, G., Morris, A. and Bertamini, M.",10.1162/jocn_a_01485
13,EX3 Sound Col Cong,83,Psymm and task,Makin  ,2020,JOCN,"The Formation of Symmetrical Gestalts Is Task-Independent, but Can Be Enhanced by Active Regularity Discrimination","Makin, A. D. J., Rampone, G., Morris, A. and Bertamini, M.",10.1162/jocn_a_01485
13,EX3 Sound Col Cong,84,Psymm and task,Makin  ,2020,JOCN,"The Formation of Symmetrical Gestalts Is Task-Independent, but Can Be Enhanced by Active Regularity Discrimination","Makin, A. D. J., Rampone, G., Morris, A. and Bertamini, M.",10.1162/jocn_a_01485
13,EX3 Sound Col Cong,85,Psymm and task,Makin  ,2020,JOCN,"The Formation of Symmetrical Gestalts Is Task-Independent, but Can Be Enhanced by Active Regularity Discrimination","Makin, A. D. J., Rampone, G., Morris, A. and Bertamini, M.",10.1162/jocn_a_01485
13,EX4 Direction Col Cong,86,Psymm and task,Makin  ,2020,JOCN,"The Formation of Symmetrical Gestalts Is Task-Independent, but Can Be Enhanced by Active Regularity Discrimination","Makin, A. D. J., Rampone, G., Morris, A. and Bertamini, M.",10.1162/jocn_a_01485
13,EX4 Direction Col Cong,87,Psymm and task,Makin  ,2020,JOCN,"The Formation of Symmetrical Gestalts Is Task-Independent, but Can Be Enhanced by Active Regularity Discrimination","Makin, A. D. J., Rampone, G., Morris, A. and Bertamini, M.",10.1162/jocn_a_01485
13,EX4 Direction Col Cong,88,Psymm and task,Makin  ,2020,JOCN,"The Formation of Symmetrical Gestalts Is Task-Independent, but Can Be Enhanced by Active Regularity Discrimination","Makin, A. D. J., Rampone, G., Morris, A. and Bertamini, M.",10.1162/jocn_a_01485
13,EX4 Direction Col Cong,89,Psymm and task,Makin  ,2020,JOCN,"The Formation of Symmetrical Gestalts Is Task-Independent, but Can Be Enhanced by Active Regularity Discrimination","Makin, A. D. J., Rampone, G., Morris, A. and Bertamini, M.",10.1162/jocn_a_01485
13,EX4 Direction Col Cong,90,Psymm and task,Makin  ,2020,JOCN,"The Formation of Symmetrical Gestalts Is Task-Independent, but Can Be Enhanced by Active Regularity Discrimination","Makin, A. D. J., Rampone, G., Morris, A. and Bertamini, M.",10.1162/jocn_a_01485
13,EX5 Distribution Task,91,Psymm and task,Makin  ,2020,JOCN,"The Formation of Symmetrical Gestalts Is Task-Independent, but Can Be Enhanced by Active Regularity Discrimination","Makin, A. D. J., Rampone, G., Morris, A. and Bertamini, M.",10.1162/jocn_a_01485
13,EX5 Distribution Task,92,Psymm and task,Makin  ,2020,JOCN,"The Formation of Symmetrical Gestalts Is Task-Independent, but Can Be Enhanced by Active Regularity Discrimination","Makin, A. D. J., Rampone, G., Morris, A. and Bertamini, M.",10.1162/jocn_a_01485
13,EX5 Distribution Task,93,Psymm and task,Makin  ,2020,JOCN,"The Formation of Symmetrical Gestalts Is Task-Independent, but Can Be Enhanced by Active Regularity Discrimination","Makin, A. D. J., Rampone, G., Morris, A. and Bertamini, M.",10.1162/jocn_a_01485
13,EX5 Distribution Task,94,Psymm and task,Makin  ,2020,JOCN,"The Formation of Symmetrical Gestalts Is Task-Independent, but Can Be Enhanced by Active Regularity Discrimination","Makin, A. D. J., Rampone, G., Morris, A. and Bertamini, M.",10.1162/jocn_a_01485
13,EX5 Distribution Task,95,Psymm and task,Makin  ,2020,JOCN,"The Formation of Symmetrical Gestalts Is Task-Independent, but Can Be Enhanced by Active Regularity Discrimination","Makin, A. D. J., Rampone, G., Morris, A. and Bertamini, M.",10.1162/jocn_a_01485
14,EX1 Disc Reg,96,SPN real things,Makin  ,2020,JoV,The extrastriate symmetry response can be elicited by flowers and landscapes as well as abstract shapes,"Makin, A. D. J., Rampone, G., Karakashevska, E. and Bertamini, M.",10.1167/jov.20.5.11
14,EX1 Disc Reg,97,SPN real things,Makin  ,2020,JoV,The extrastriate symmetry response can be elicited by flowers and landscapes as well as abstract shapes,"Makin, A. D. J., Rampone, G., Karakashevska, E. and Bertamini, M.",10.1167/jov.20.5.11
14,EX1 Disc Reg,98,SPN real things,Makin  ,2020,JoV,The extrastriate symmetry response can be elicited by flowers and landscapes as well as abstract shapes,"Makin, A. D. J., Rampone, G., Karakashevska, E. and Bertamini, M.",10.1167/jov.20.5.11
14,EX2 Disc Col,99,SPN real things,Makin  ,2020,JoV,The extrastriate symmetry response can be elicited by flowers and landscapes as well as abstract shapes,"Makin, A. D. J., Rampone, G., Karakashevska, E. and Bertamini, M.",10.1167/jov.20.5.11
14,EX2 Disc Col,100,SPN real things,Makin  ,2020,JoV,The extrastriate symmetry response can be elicited by flowers and landscapes as well as abstract shapes,"Makin, A. D. J., Rampone, G., Karakashevska, E. and Bertamini, M.",10.1167/jov.20.5.11
14,EX2 Disc Col,101,SPN real things,Makin  ,2020,JoV,The extrastriate symmetry response can be elicited by flowers and landscapes as well as abstract shapes,"Makin, A. D. J., Rampone, G., Karakashevska, E. and Bertamini, M.",10.1167/jov.20.5.11
14,EX3 Disc Col Control,102,SPN real things,Makin  ,2020,JoV,The extrastriate symmetry response can be elicited by flowers and landscapes as well as abstract shapes,"Makin, A. D. J., Rampone, G., Karakashevska, E. and Bertamini, M.",10.1167/jov.20.5.11
14,EX3 Disc Col Control,103,SPN real things,Makin  ,2020,JoV,The extrastriate symmetry response can be elicited by flowers and landscapes as well as abstract shapes,"Makin, A. D. J., Rampone, G., Karakashevska, E. and Bertamini, M.",10.1167/jov.20.5.11
14,EX3 Disc Col Control,104,SPN real things,Makin  ,2020,JoV,The extrastriate symmetry response can be elicited by flowers and landscapes as well as abstract shapes,"Makin, A. D. J., Rampone, G., Karakashevska, E. and Bertamini, M.",10.1167/jov.20.5.11
15,N/A,105,Glasses,Rampone,2020,EJN,Electrophysiological responses to regularity show specificity to global form: The case of Glass patterns,"Rampone, G. and Makin, A. D. J.",10.1111/ejn.14709
15,N/A,106,Glasses,Rampone,2020,EJN,Electrophysiological responses to regularity show specificity to global form: The case of Glass patterns,"Rampone, G. and Makin, A. D. J.",10.1111/ejn.14709
15,N/A,107,Glasses,Rampone,2020,EJN,Electrophysiological responses to regularity show specificity to global form: The case of Glass patterns,"Rampone, G. and Makin, A. D. J.",10.1111/ejn.14709
15,N/A,108,Glasses,Rampone,2020,EJN,Electrophysiological responses to regularity show specificity to global form: The case of Glass patterns,"Rampone, G. and Makin, A. D. J.",10.1111/ejn.14709
16,N/A,109,SPN priming black to white,Makin ,2020,EJN,Electrophysiological priming effects confirm that the extrastriate symmetry network is not gated by luminance polarity,"Makin, A. D. J., Piovesan, A., Tyson-Carr, J., Rampone, G., Derpsch, Y. and Bertamini, M.",10.1111/ejn.14966
16,N/A,110,SPN priming black to white,Makin ,2020,EJN,Electrophysiological priming effects confirm that the extrastriate symmetry network is not gated by luminance polarity,"Makin, A. D. J., Piovesan, A., Tyson-Carr, J., Rampone, G., Derpsch, Y. and Bertamini, M.",10.1111/ejn.14966
16,N/A,111,SPN priming black to white,Makin ,2020,EJN,Electrophysiological priming effects confirm that the extrastriate symmetry network is not gated by luminance polarity,"Makin, A. D. J., Piovesan, A., Tyson-Carr, J., Rampone, G., Derpsch, Y. and Bertamini, M.",10.1111/ejn.14966
16,N/A,112,SPN priming black to white,Makin ,2020,EJN,Electrophysiological priming effects confirm that the extrastriate symmetry network is not gated by luminance polarity,"Makin, A. D. J., Piovesan, A., Tyson-Carr, J., Rampone, G., Derpsch, Y. and Bertamini, M.",10.1111/ejn.14966
17,N/A,113,John BW,Bertamini ,2020,Vis Res,The response to symmetry in extrastriate areas and its time course are modulated by selective attention,"Bertamini, M., Rampone, G., Tyson-Carr, J. and Makin, A. D. J.",10.1016/j.visres.2020.09.003
17,N/A,114,John BW,Bertamini ,2020,Vis Res,The response to symmetry in extrastriate areas and its time course are modulated by selective attention,"Bertamini, M., Rampone, G., Tyson-Carr, J. and Makin, A. D. J.",10.1016/j.visres.2020.09.003
17,N/A,115,John BW,Bertamini ,2020,Vis Res,The response to symmetry in extrastriate areas and its time course are modulated by selective attention,"Bertamini, M., Rampone, G., Tyson-Carr, J. and Makin, A. D. J.",10.1016/j.visres.2020.09.003
18,EX1 Ref and Ident,116,SPN priming,Makin ,under review,PLOSONE,,,
18,EX1 Ref and Ident,117,SPN priming,Makin ,under review,PLOSONE,,,
18,EX1 Ref and Ident,118,SPN priming,Makin ,under review,PLOSONE,,,
18,EX2 Left and Right With Eye Tracking,119,SPN priming,Makin ,under review,PLOSONE,,,
18,EX2 Left and Right With Eye Tracking,120,SPN priming,Makin ,under review,PLOSONE,,,
18,EX2 Left and Right With Eye Tracking,121,SPN priming,Makin ,under review,PLOSONE,,,
18,EX2 Left and Right With Eye Tracking,122,SPN priming,Makin ,under review,PLOSONE,,,
18,EX3 Ref Unpredictable Ori,123,SPN priming,Makin ,under review,PLOSONE,,,
18,EX3 Ref Unpredictable Ori,124,SPN priming,Makin ,under review,PLOSONE,,,
18,EX4 Ref Vert and Horz,125,SPN priming,Makin ,under review,PLOSONE,,,
18,EX4 Ref Vert and Horz,126,SPN priming,Makin ,under review,PLOSONE,,,
18,EX5 Ref and Rot,127,SPN priming,Makin ,under review,PLOSONE,,,
18,EX5 Ref and Rot,128,SPN priming,Makin ,under review,PLOSONE,,,
18,EX5 Ref and Rot,129,SPN priming,Makin ,under review,PLOSONE,,,
18,EX5 Ref and Rot,130,SPN priming,Makin ,under review,PLOSONE,,,
19,N/A,131,SPN priming old Rot,Makin ,unpublished,,,,
19,N/A,132,SPN priming old Rot,Makin ,unpublished,,,,
19,N/A,133,SPN priming old Rot,Makin ,unpublished,,,,
19,N/A,134,SPN priming old Rot,Makin ,unpublished,,,,
19,N/A,135,SPN priming old Rot,Makin ,unpublished,,,,
19,N/A,136,SPN priming old Rot,Makin ,unpublished,,,,
20,N/A,137,SPN priming black to white Ident,Makin ,unpublished,,,,
20,N/A,138,SPN priming black to white Ident,Makin ,unpublished,,,,
20,N/A,139,SPN priming black to white Ident,Makin ,unpublished,,,,
20,N/A,140,SPN priming black to white Ident,Makin ,unpublished,,,,
21,N/A,141,SPN priming Glass to Ref,Makin ,unpublished,,,,
21,N/A,142,SPN priming Glass to Ref,Makin ,unpublished,,,,
21,N/A,143,SPN priming Glass to Ref,Makin ,unpublished,,,,
21,N/A,144,SPN priming Glass to Ref,Makin ,unpublished,,,,
22,N/A,145,Anti symmetry variable density,Makin ,unpublished,,,,
22,N/A,146,Anti symmetry variable density,Makin ,unpublished,,,,
22,N/A,147,Anti symmetry variable density,Makin ,unpublished,,,,
22,N/A,148,Anti symmetry variable density,Makin ,unpublished,,,,
22,N/A,149,Anti symmetry variable density,Makin ,unpublished,,,,
22,N/A,150,Anti symmetry variable density,Makin ,unpublished,,,,
23,N/A,151,AS checkerboards,Makin ,unpublished,,,,
23,N/A,152,AS checkerboards,Makin ,unpublished,,,,
23,N/A,153,AS checkerboards,Makin ,unpublished,,,,
23,N/A,154,AS checkerboards,Makin ,unpublished,,,,
24,N/A,155,Attentional Spotlight,Derpsch  ,under review,,,,
24,N/A,156,Attentional Spotlight,Derpsch  ,under review,,,,
24,N/A,157,Attentional Spotlight,Derpsch  ,under review,,,,
24,N/A,158,Attentional Spotlight,Derpsch  ,under review,,,,
25,EX1 Color and Shape,159,Yiovi Memory,Derpsch  ,unpublished,,,,
25,EX1 Color and Shape,160,Yiovi Memory,Derpsch  ,unpublished,,,,
25,EX1 Color and Shape,161,Yiovi Memory,Derpsch  ,unpublished,,,,
25,EX1 Color and Shape,162,Yiovi Memory,Derpsch  ,unpublished,,,,
25,EX2 Symm probe Symm,163,Yiovi Memory,Derpsch  ,unpublished,,,,
25,EX2 Symm probe Symm,164,Yiovi Memory,Derpsch  ,unpublished,,,,
26,N/A,165,Yiovi Alcohol,Derpsch  ,unpublished,,,,
26,N/A,166,Yiovi Alcohol,Derpsch  ,unpublished,,,,
27,N/A,167,Holographic Glass V1,Makin ,unpublished,,,,
27,N/A,168,Holographic Glass V1,Makin ,unpublished,,,,
27,N/A,169,Holographic Glass V1,Makin ,unpublished,,,,
28,EX1 control,170,Sliding occluder frame of reference,Rampone  ,unpublished,,,,
28,EX2 rotation,171,Sliding occluder frame of reference,Rampone  ,unpublished,,,,
29,N/A,172,Gerbino Zero,Bertamini  ,unpublished,,,,
29,N/A,173,Gerbino Zero,Bertamini  ,unpublished,,,,
30,EX1 Gerbino Fixed,174,Gerbino,Bertamini  ,unpublished,,,,
30,EX1 Gerbino Fixed,175,Gerbino,Bertamini  ,unpublished,,,,
30,EX2 Gerbino Black Disc Col,176,Gerbino,Bertamini  ,unpublished,,,,
30,EX2 Gerbino Black Disc Col,177,Gerbino,Bertamini  ,unpublished,,,,
30,EX3 Gerbino Black Disc Reg,178,Gerbino,Bertamini  ,unpublished,,,,
30,EX3 Gerbino Black Disc Reg,179,Gerbino,Bertamini  ,unpublished,,,,
30,EX4 Gerbino Centre,180,Gerbino,Bertamini  ,unpublished,,,,
30,EX4 Gerbino Centre,181,Gerbino,Bertamini  ,unpublished,,,,
30,EX5 Gerbino PNG1and3,182,Gerbino,Bertamini,unpublished,,,,
30,EX5 Gerbino PNG1and3,183,Gerbino,Bertamini  ,unpublished,,,,
30,EX5 Gerbino PNG1and3,184,Gerbino,Bertamini  ,unpublished,,,,
30,EX5 Gerbino PNG1and3,185,Gerbino,Bertamini,unpublished,,,,
31,EX1 Shape,186,Amodal SPN,Rampone  ,unpublished,,,,
31,EX1 Shape,187,Amodal SPN,Rampone  ,unpublished,,,,
31,EX2 Shape with position,188,Amodal SPN,Rampone  ,unpublished,,,,
31,EX2 Shape with position,189,Amodal SPN,Rampone  ,unpublished,,,,
31,EX3 Colour,190,Amodal SPN,Rampone  ,unpublished,,,,
31,EX3 Colour,191,Amodal SPN,Rampone  ,unpublished,,,,
31,EX4 Pointer,192,Amodal SPN,Rampone  ,unpublished,,,,
31,EX4 Pointer,193,Amodal SPN,Rampone  ,unpublished,,,,
32,Ex1 ContrastStereoCombined,194,Elena Stereo,Karakashevska,unpublished,,,,
32,Ex1 ContrastStereoCombined,195,Elena Stereo,Karakashevska,unpublished,,,,
32,Ex1 ContrastStereoCombined,196,Elena Stereo,Karakashevska,unpublished,,,,
32,EX2 FigureGround,197,Elena Stereo,Karakashevska,unpublished,,,,
32,EX2 FigureGround,198,Elena Stereo,Karakashevska,unpublished,,,,
33,EX1 Regularity,199,Slant Solid Poly,Makin ,unpublished,,,,
33,EX1 Regularity,200,Slant Solid Poly,Makin ,unpublished,,,,
33,EX1 Regularity,201,Slant Solid Poly,Makin ,unpublished,,,,
33,EX1 Regularity,202,Slant Solid Poly,Makin ,unpublished,,,,
33,EX2 Luminance,203,Slant Solid Poly,Makin ,unpublished,,,,
33,EX2 Luminance,204,Slant Solid Poly,Makin ,unpublished,,,,
33,EX2 Luminance,205,Slant Solid Poly,Makin ,unpublished,,,,
33,EX2 Luminance,206,Slant Solid Poly,Makin ,unpublished,,,,
34,N/A,207,AMY Black White,Bertamini,unpublished,,,,
34,N/A,208,AMY Black White,Bertamini,unpublished,,,,
34,N/A,209,AMY Black White,Bertamini,unpublished,,,,
35,EX1 Disc Color,210,Amodal Adel,Bertamini,unpublished,,,,
35,EX1 Disc Color,211,Amodal Adel,Bertamini,unpublished,,,,
35,EX1 Disc Color,212,Amodal Adel,Bertamini,unpublished,,,,
35,EX2 Disc Reg,213,Amodal Adel,Bertamini,unpublished,,,,
35,EX2 Disc Reg,214,Amodal Adel,Bertamini,unpublished,,,,
35,EX2 Disc Reg,215,Amodal Adel,Bertamini,unpublished,,,,
36,N/A,216,Stefano Rep Sup,Lawson,unpublished,,,,
36,N/A,217,Stefano Rep Sup,Lawson,unpublished,,,,
36,N/A,218,Stefano Rep Sup,Lawson,unpublished,,,,
37,N/A,219,Delayed discrimintion central mask color,Makin,unpublished,,,,
38,N/A,220,SPN priming up and down,Makin,unpublished,,,,
38,N/A,221,SPN priming up and down,Makin,unpublished,,,,
38,N/A,222,SPN priming up and down,Makin,unpublished,,,,
38,N/A,223,SPN priming up and down,Makin,unpublished,,,,
39,N/A,224,SPN priming temporal frequency,Makin,unpublished,,,,
39,N/A,225,SPN priming temporal frequency,Makin,unpublished,,,,
39,N/A,226,SPN priming temporal frequency,Makin,unpublished,,,,
39,N/A,227,SPN priming temporal frequency,Makin,unpublished,,,,
40,EX1 Crowding HV,228,Crowding,Bertamini,unpublished,,,,
40,EX1 Crowding HV,229,Crowding,Bertamini,unpublished,,,,
40,EX1 Crowding HV,230,Crowding,Bertamini,unpublished,,,,
40,EX1 Crowding HV,231,Crowding,Bertamini,unpublished,,,,
40,EX1 Crowding HV,232,Crowding,Bertamini,unpublished,,,,
40,EX1 Crowding HV,233,Crowding,Bertamini,unpublished,,,,
40,EX2 Crowding Matched,234,Crowding,Bertamini,unpublished,,,,
40,EX2 Crowding Matched,235,Crowding,Bertamini,unpublished,,,,
40,EX2 Crowding Matched,236,Crowding,Bertamini,unpublished,,,,
40,EX2 Crowding Matched,237,Crowding,Bertamini,unpublished,,,,
40,EX2 Crowding Matched,238,Crowding,Bertamini,unpublished,,,,
40,EX2 Crowding Matched,239,Crowding,Bertamini,unpublished,,,,
40,EX2 Crowding Matched,240,Crowding,Bertamini,unpublished,,,,
40,EX2 Crowding Matched,241,Crowding,Bertamini,unpublished,,,,
40,EX3 Crowding BW,242,Crowding,Bertamini,unpublished,,,,
40,EX3 Crowding BW,243,Crowding,Bertamini,unpublished,,,,
40,EX3 Crowding BW,244,Crowding,Bertamini,unpublished,,,,
40,EX3 Crowding BW,245,Crowding,Bertamini,unpublished,,,,
40,EX3 Crowding BW,246,Crowding,Bertamini,unpublished,,,,
40,EX3 Crowding BW,247,Crowding,Bertamini,unpublished,,,,
40,EX3 Crowding BW,248,Crowding,Bertamini,unpublished,,,,
40,EX3 Crowding BW,249,Crowding,Bertamini,unpublished,,,,
